{
  "version": 1,
  "author": "Nour Kamal",
  "editor": "wokwi",
  "parts": [
    { "type": "wokwi-arduino-uno", "id": "uno", "top": 77.4, "left": 76.2, "attrs": {} },
    {
      "type": "wokwi-lcd2004",
      "id": "lcd1",
      "top": -156.8,
      "left": 293.6,
      "attrs": { "pins": "i2c" }
    },
    { "type": "wokwi-dht22", "id": "dht1", "top": -114.9, "left": 71.4, "attrs": {} },
    { "type": "wokwi-relay-module", "id": "relay1", "top": 86.6, "left": 460.8, "attrs": {} },
    { "type": "wokwi-hc-sr04", "id": "ultrasonic1", "top": 164.7, "left": 427.9, "attrs": {} }
  ],
  "connections": [
    [ "lcd1:GND", "uno:GND.1", "black", [ "h-57.6", "v192", "h-48" ] ],
    [ "lcd1:SDA", "uno:A4.2", "green", [ "h-124.8", "v192.2" ] ],
    [ "lcd1:SCL", "uno:A5.2", "green", [ "h-134.4", "v182.7" ] ],
    [ "dht1:GND", "uno:GND.1", "black", [ "v57.6", "h67.2" ] ],
    [ "dht1:SDA", "uno:9", "green", [ "v76.8", "h144.1" ] ],
    [ "dht1:VCC", "uno:5V", "red", [ "v172.8", "h57.6" ] ],
    [ "lcd1:VCC", "uno:5V", "red", [ "h-297.6", "v384.1", "h240" ] ],
    [ "ultrasonic1:GND", "uno:GND.2", "black", [ "v28.8", "h-270" ] ],
    [ "ultrasonic1:TRIG", "uno:7", "green", [ "v9.6", "h-125.2", "v-201.6", "h-105.6" ] ],
    [ "ultrasonic1:ECHO", "uno:6", "green", [ "v0", "h-125.6", "v-211.2", "h-96" ] ],
    [ "relay1:VCC", "uno:5V", "red", [ "h0", "v201.6", "h-48" ] ],
    [ "relay1:GND", "uno:GND.1", "black", [ "h-268.8", "v-29.2" ] ],
    [ "relay1:IN", "uno:A0", "green", [ "h-96", "v153.4" ] ]
  ],
  "dependencies": {}
}